hero-01.jpg,1000,667,20250505-Simonteo-201-2.jpg
hero-02.jpg,667,1000,Bécs-126.jpg
hero-03.jpg,667,1000,Bécs-233.jpg
hero-04.jpg,667,1000,Bécs-249.jpg
hero-05.jpg,1000,667,Bécs-595.jpg
hero-06.jpg,667,1000,Bécs-598.jpg
hero-07.jpg,667,1000,Emil Ildikó-32.jpg
hero-08.jpg,667,1000,Emil Ildikó-33.jpg
hero-09.jpg,667,1000,Emil Ildikó-38.jpg
hero-10.jpg,667,1000,Emil Ildikó-55.jpg
hero-11.jpg,667,1000,Emil Ildikó-79.jpg
hero-12.jpg,1000,667,Emil&nikolett-471-2.jpg
hero-13.jpg,667,1000,Emil&nikolett-91.jpg
hero-14.jpg,1000,667,Emil&nikolett-93.jpg
hero-15.jpg,667,1000,IldikoEmil-53.jpg
hero-16.jpg,1000,667,IldikoEmil-887.jpg
hero-17.jpg,667,1000,kataésgergő-101.jpg
hero-18.jpg,667,1000,kataésgergő-44.jpg
