mid-01.jpg,933,1400,20250505-Simonteo-193.jpg
mid-02.jpg,933,1400,20250505-Simonteo-208.jpg
mid-03.jpg,933,1400,20250505-Simonteo-218.jpg
mid-04.jpg,933,1400,20250505-Simonteo-86-2.jpg
mid-05.jpg,933,1400,Bécs-234.jpg
mid-06.jpg,933,1400,Bécs-248.jpg
mid-07.jpg,933,1400,Bécs-253.jpg
mid-08.jpg,933,1400,Bécs-29.jpg
mid-09.jpg,933,1400,Bécs-358.jpg
mid-10.jpg,1400,933,Bécs-364.jpg
mid-11.jpg,933,1400,Bécs-379.jpg
mid-12.jpg,933,1400,Bécs-396.jpg
mid-13.jpg,933,1400,Bécs-4.jpg
mid-14.jpg,933,1400,Bécs-405.jpg
mid-15.jpg,1400,933,Bécs-573.jpg
mid-16.jpg,933,1400,Bécs-583.jpg
mid-17.jpg,1400,933,Bécs-610.jpg
mid-18.jpg,933,1400,Bécs-674.jpg
mid-19.jpg,933,1400,Emil Ildikó-32.jpg
mid-20.jpg,933,1400,Emil Ildikó-33.jpg
mid-21.jpg,933,1400,Emil Ildikó-38.jpg
mid-22.jpg,933,1400,Emil Ildikó-55.jpg
mid-23.jpg,933,1400,Emil Ildikó-61.jpg
mid-24.jpg,933,1400,Emil Ildikó-75.jpg
mid-25.jpg,933,1400,Emil Ildikó-78.jpg
mid-26.jpg,1400,933,Emil&nikolett-471-2.jpg
mid-27.jpg,933,1400,Emil&nikolett-475.jpg
mid-28.jpg,933,1400,Emil&nikolett-91.jpg
mid-29.jpg,1400,933,Emil&nikolett-93.jpg
mid-30.jpg,933,1400,IldikoEmil-13.jpg
mid-31.jpg,933,1400,IldikoEmil-225.jpg
mid-32.jpg,933,1400,IldikoEmil-53.jpg
mid-33.jpg,933,1400,IldikoEmil-64.jpg
mid-34.jpg,933,1400,IldikoEmil-648.jpg
mid-35.jpg,933,1400,kataésgergő-16.jpg
mid-36.jpg,933,1400,kataésgergő-44.jpg
mid-37.jpg,933,1400,kataésgergő-70.jpg
mid-38.jpg,933,1400,kataésgergő-86.jpg
mid-39.jpg,933,1400,photo-123.jpg
mid-40.jpg,933,1400,photo-157.jpg
mid-41.jpg,933,1400,vanda és nikol-5.jpg
mid-42.jpg,933,1400,vanda és nikol-6.jpg
mid-43.jpg,1400,933,vanda-6.jpg
mid-44.jpg,1400,933,weboldal-2.jpg
