becs-001.jpg,933,1400,Bécs-11.jpg
becs-002.jpg,1400,933,Bécs-111.jpg
becs-003.jpg,933,1400,Bécs-112.jpg
becs-004.jpg,933,1400,Bécs-113.jpg
becs-005.jpg,933,1400,Bécs-117.jpg
becs-006.jpg,933,1400,Bécs-124.jpg
becs-007.jpg,933,1400,Bécs-125.jpg
becs-008.jpg,1400,933,Bécs-134.jpg
becs-009.jpg,933,1400,Bécs-137.jpg
becs-010.jpg,1400,933,Bécs-139.jpg
becs-011.jpg,933,1400,Bécs-154.jpg
becs-012.jpg,933,1400,Bécs-156.jpg
becs-013.jpg,1400,933,Bécs-159.jpg
becs-014.jpg,933,1400,Bécs-16.jpg
becs-015.jpg,933,1400,Bécs-165.jpg
becs-016.jpg,933,1400,Bécs-167.jpg
becs-017.jpg,933,1400,Bécs-170.jpg
becs-018.jpg,933,1400,Bécs-177.jpg
becs-019.jpg,1400,933,Bécs-179.jpg
becs-020.jpg,1400,933,Bécs-185.jpg
becs-021.jpg,933,1400,Bécs-191.jpg
becs-022.jpg,933,1400,Bécs-195.jpg
becs-023.jpg,933,1400,Bécs-20.jpg
becs-024.jpg,933,1400,Bécs-205.jpg
becs-025.jpg,933,1400,Bécs-219.jpg
becs-026.jpg,933,1400,Bécs-227.jpg
becs-027.jpg,933,1400,Bécs-23.jpg
becs-028.jpg,933,1400,Bécs-233.jpg
becs-029.jpg,933,1400,Bécs-236.jpg
becs-030.jpg,933,1400,Bécs-237.jpg
becs-031.jpg,933,1400,Bécs-237s.jpg
becs-032.jpg,933,1400,Bécs-238s.jpg
becs-033.jpg,933,1400,Bécs-242.jpg
becs-034.jpg,933,1400,Bécs-246.jpg
becs-035.jpg,933,1400,Bécs-247.jpg
becs-036.jpg,933,1400,Bécs-248.jpg
becs-037.jpg,933,1400,Bécs-253.jpg
becs-038.jpg,933,1400,Bécs-256.jpg
becs-039.jpg,1400,933,Bécs-262.jpg
becs-040.jpg,933,1400,Bécs-265.jpg
becs-041.jpg,933,1400,Bécs-29.jpg
becs-042.jpg,933,1400,Bécs-291.jpg
becs-043.jpg,933,1400,Bécs-296.jpg
becs-044.jpg,1400,933,Bécs-308.jpg
becs-045.jpg,1400,933,Bécs-314.jpg
becs-046.jpg,1400,933,Bécs-319.jpg
becs-047.jpg,1400,933,Bécs-327.jpg
becs-048.jpg,1400,933,Bécs-328.jpg
becs-049.jpg,933,1400,Bécs-331.jpg
becs-050.jpg,933,1400,Bécs-335.jpg
becs-051.jpg,933,1400,Bécs-373.jpg
becs-052.jpg,1400,933,Bécs-39.jpg
becs-053.jpg,933,1400,Bécs-4.jpg
becs-054.jpg,933,1400,Bécs-407.jpg
becs-055.jpg,933,1400,Bécs-412.jpg
becs-056.jpg,933,1400,Bécs-417.jpg
becs-057.jpg,1400,933,Bécs-445.jpg
becs-058.jpg,933,1400,Bécs-452.jpg
becs-059.jpg,933,1400,Bécs-458.jpg
becs-060.jpg,933,1400,Bécs-467.jpg
becs-061.jpg,933,1400,Bécs-472.jpg
becs-062.jpg,933,1400,Bécs-484.jpg
becs-063.jpg,933,1400,Bécs-49.jpg
becs-064.jpg,933,1400,Bécs-495.jpg
becs-065.jpg,933,1400,Bécs-496.jpg
becs-066.jpg,933,1400,Bécs-50.jpg
becs-067.jpg,933,1400,Bécs-513.jpg
becs-068.jpg,933,1400,Bécs-52.jpg
becs-069.jpg,933,1400,Bécs-540.jpg
becs-070.jpg,933,1400,Bécs-547.jpg
becs-071.jpg,1400,933,Bécs-550.jpg
becs-072.jpg,933,1400,Bécs-554.jpg
becs-073.jpg,1400,933,Bécs-557.jpg
becs-074.jpg,933,1400,Bécs-56.jpg
becs-075.jpg,933,1400,Bécs-562.jpg
becs-076.jpg,933,1400,Bécs-565.jpg
becs-077.jpg,933,1400,Bécs-566.jpg
becs-078.jpg,933,1400,Bécs-569.jpg
becs-079.jpg,933,1400,Bécs-575.jpg
becs-080.jpg,1400,933,Bécs-579.jpg
becs-081.jpg,933,1400,Bécs-583.jpg
becs-082.jpg,1400,933,Bécs-595.jpg
becs-083.jpg,1400,933,Bécs-60.jpg
becs-084.jpg,933,1400,Bécs-624.jpg
becs-085.jpg,933,1400,Bécs-658.jpg
becs-086.jpg,933,1400,Bécs-675.jpg
becs-087.jpg,1400,933,Bécs-676.jpg
becs-088.jpg,933,1400,Bécs-677.jpg
becs-089.jpg,1400,933,Bécs-678.jpg
becs-090.jpg,933,1400,Bécs-7.jpg
becs-091.jpg,933,1400,Bécs-70.jpg
becs-092.jpg,933,1400,Bécs-72.jpg
becs-093.jpg,933,1400,Bécs-81.jpg
becs-094.jpg,933,1400,Bécs-82.jpg
becs-095.jpg,933,1400,Bécs-87.jpg
becs-096.jpg,1400,933,Bécs-89.jpg
becs-097.jpg,933,1400,Bécs-94.jpg
